{"cameraMode":{"drawMode":0,"name":"Shaded","section":"Shading Mode"},"sceneLighting":true,"audioPlay":false,"sceneViewState":{"showFog":true,"showMaterialUpdate":false,"showSkybox":true,"showFlares":true,"showImageEffects":true,"showParticleSystems":true},"in2DMode":false,"pivot":{"x":4.4773030281066898,"y":3.0784997940063478,"z":23.926687240600587},"rotation":{"x":0.15750667452812196,"y":-0.05329810827970505,"z":0.008513652719557286,"w":0.986042320728302},"size":14.872641563415528,"orthographic":false}