{"cameraMode":{"drawMode":0,"name":"Shaded","section":"Shading Mode"},"sceneLighting":true,"audioPlay":false,"sceneViewState":{"showFog":true,"showMaterialUpdate":false,"showSkybox":true,"showFlares":true,"showImageEffects":true,"showParticleSystems":true},"in2DMode":false,"pivot":{"x":-3.7782766819000246,"y":2.5845868587493898,"z":10.918787956237793},"rotation":{"x":-0.15237833559513093,"y":0.01808144524693489,"z":-0.00278831017203629,"w":-0.9881543517112732},"size":18.76695442199707,"orthographic":false}